[
  {
    "Id": "201020",
    "ThreadId": "59376",
    "Html": "<p>After installing <a title=\"Visual Studio Team System 2010 Team Suite Beta 1\" href=\"http://www.microsoft.com/downloads/details.aspx?FamilyID=85520793-68fc-4361-a8b6-dc2cff49c8d2\">Visual&nbsp;Studio 2010 Beta 1</a>, I encountered safeint.h and safeint_internal.h in the root&nbsp;location of the Visual C++&nbsp;header files! (&quot;C:\\Program Files\\Microsoft Visual Studio 10.0\\VC\\include&quot;) Cool! I guess that's the first time, SafeInt is added to the root of &quot;VC\\include&quot;. It certainly wasn't there with Visual C++&nbsp;2008 SP1.</p>\r\n<p>Congratulations, David!</p>\r\n<p>&nbsp; Kind regards, Niels</p>",
    "PostedDate": "2009-06-12T15:33:07.577-07:00",
    "UserRole": "Developer",
    "MarkedAsAnswerDate": null
  },
  {
    "Id": "203806",
    "ThreadId": "59376",
    "Html": "<p>It's also&nbsp;documented as part of the&nbsp;(preliminary) Visual Studio 2010 documentation: <a href=\"http://msdn.microsoft.com/en-us/library/dd570021(VS.100).aspx\">http://msdn.microsoft.com/en-us/library/dd570021(VS.100).aspx</a>&nbsp;Cool!</p>",
    "PostedDate": "2009-06-21T04:37:16.417-07:00",
    "UserRole": "Developer",
    "MarkedAsAnswerDate": null
  }
]