{
  "WorkItem": {
    "AffectedComponent": {
      "Name": "",
      "DisplayName": ""
    },
    "ClosedComment": "",
    "ClosedDate": null,
    "CommentCount": 0,
    "Custom": null,
    "Description": "Switch to #ifdef __GNUC__, suppress warnings from test rig, try seeing if we can raise warning level to -Wall.",
    "LastUpdatedDate": "2013-02-13T18:31:04.427-08:00",
    "PlannedForRelease": "",
    "ReleaseVisibleToPublic": false,
    "Priority": {
      "Name": "Low",
      "Severity": 50,
      "Id": 1
    },
    "ProjectName": "SafeInt",
    "ReportedDate": "2008-12-03T10:51:57.61-08:00",
    "Status": {
      "Name": "Proposed",
      "Id": 1
    },
    "ReasonClosed": {
      "Name": "Unassigned"
    },
    "Summary": "Need to use standard defines for GCC, remove warnings from test rig",
    "Type": {
      "Name": "Issue",
      "Id": 3
    },
    "VoteCount": 1,
    "Id": 6711
  },
  "FileAttachments": [],
  "Comments": []
}