{
  "WorkItem": {
    "AffectedComponent": {
      "Name": "",
      "DisplayName": ""
    },
    "ClosedComment": "",
    "ClosedDate": null,
    "CommentCount": 0,
    "Custom": null,
    "Description": "Using Visual Studio 2008 , it is not possible to include the header in mixed CLR and native code because of the definition of nullptr clashes with CLR usage.\n \nGiven there is only one use of nullptr in SafeInt3.hpp , defining nullptr seems to be a lot of trouble for dubious benefit.",
    "LastUpdatedDate": "2013-02-13T18:31:02.483-08:00",
    "PlannedForRelease": "",
    "ReleaseVisibleToPublic": false,
    "Priority": {
      "Name": "Low",
      "Severity": 50,
      "Id": 1
    },
    "ProjectName": "SafeInt",
    "ReportedDate": "2012-05-30T23:58:46.703-07:00",
    "Status": {
      "Name": "Proposed",
      "Id": 1
    },
    "ReasonClosed": {
      "Name": "Unassigned"
    },
    "Summary": "nullptr and /CLR",
    "Type": {
      "Name": "Issue",
      "Id": 3
    },
    "VoteCount": 1,
    "Id": 15237
  },
  "FileAttachments": [],
  "Comments": []
}