{
  "WorkItem": {
    "AffectedComponent": {
      "Name": "",
      "DisplayName": ""
    },
    "ClosedComment": "",
    "ClosedDate": null,
    "CommentCount": 0,
    "Custom": null,
    "Description": "We're getting compiler errors out of anything where the return type is known and we accept SafeInt<T> op SafeInt<U>.",
    "LastUpdatedDate": "2013-02-13T18:31:04.61-08:00",
    "PlannedForRelease": "",
    "ReleaseVisibleToPublic": false,
    "Priority": {
      "Name": "Low",
      "Severity": 50,
      "Id": 1
    },
    "ProjectName": "SafeInt",
    "ReportedDate": "2008-12-03T10:49:35.877-08:00",
    "Status": {
      "Name": "Proposed",
      "Id": 1
    },
    "ReasonClosed": {
      "Name": "Unassigned"
    },
    "Summary": "SafeInt does not compile correctly on MacOS",
    "Type": {
      "Name": "Issue",
      "Id": 3
    },
    "VoteCount": 1,
    "Id": 6710
  },
  "FileAttachments": [],
  "Comments": []
}